{
    "CDo + CDa + CD_sym + CYB + CLo + CLa + CL_sym + Cmo + Cma + Cmq + ClB + Clp + Clr + Cl_asym + CnB + Cn_p + Cn_r + Cn_asym": {
        "CDo": 0.20266535082182516,
        "CDa": 0.2498991511906164,
        "CD_sym": 0.06252495915580898,
        "CYB": -0.23723364657211218,
        "CLo": 9.695654359271918e-05,
        "CLa": 0.7366995524295851,
        "CL_sym": 0.12469713050555747,
        "Cmo": 0.6814020836522047,
        "Cma": -0.6994944112348682,
        "Cmq": -2.4173609387410786,
        "ClB": -0.08726437452761998,
        "Clp": -0.5578583264037509,
        "Clr": -0.0709105363057689,
        "Cl_asym": -0.0009173304355967194,
        "CnB": -0.0007326550999308906,
        "Cn_p": -0.13224242383577328,
        "Cn_r": -0.32704439818748837,
        "Cn_asym": 0.02622454633243471
    }
}