{
    "CDo + CDa + CD_sym + CYB + CLo + CLa + CL_sym + Cmo + Cma + Cmq + ClB + Clp + Clr + Cl_asym + CnB + Cn_p + Cn_r + Cn_asym": {
        "CDo": 0.3113795212030267,
        "CDa": 0.11523776102001208,
        "CD_sym": 0.004846513071911438,
        "CYB": -0.49616740429548295,
        "CLo": 0.11049931742506636,
        "CLa": 0.781091625549457,
        "CL_sym": 0.45654793494475787,
        "Cmo": 0.4618763208326102,
        "Cma": -0.6493831030259211,
        "Cmq": -2.4846058233538098,
        "ClB": -0.0936578993723653,
        "Clp": -0.6333517622403004,
        "Clr": -0.18538822782506664,
        "Cl_asym": -0.009215137278753588,
        "CnB": -0.0008641030959335994,
        "Cn_p": -0.002355848730295495,
        "Cn_r": -0.3259055603002088,
        "Cn_asym": 0.02739035102224356
    },
    "CDo + CDa + CLo + CLa + Cmo + Cma + Cmq + CL_sym + CD_sym": {
        "CDo": 0.3932606077211614,
        "CDa": 0.02426081248841574,
        "CLo": 0.14748926949715804,
        "CLa": 1.790634998804571,
        "Cmo": 0.2283197262568985,
        "Cma": -1.3965347065047347,
        "Cmq": -0.5733895222826224,
        "CL_sym": 0.04246323845826405,
        "CD_sym": 0.29578575235507054
    },
    "CYB + ClB + Clp + CLa + Clr + Cl_asym + CnB + Cn_p + Cn_r + Cn_asym": {
        "CYB": -0.19443025091023336,
        "ClB": -0.08885433524726392,
        "Clp": -0.8122603371660445,
        "CLa": 1.1415614166586023,
        "Clr": -0.057424336757205104,
        "Cl_asym": -0.009552656644938918,
        "CnB": -0.00458982563263762,
        "Cn_p": -0.10609255425611876,
        "Cn_r": -0.16020226540349408,
        "Cn_asym": 0.011772338296035405
    },
    "CDo + CDa + CLo + CLa": {
        "CDo": 0.014984568301305234,
        "CDa": 0.12625138980393835,
        "CLo": 0.1313697363014047,
        "CLa": 0.6710845867731332
    },
    "CDo": {
        "CDo": 0.3981013258705812
    },
    "CDa": {
        "CDa": 0.2499999999999987
    },
    "CD_sym": {
        "CD_sym": 0.2810490612429955
    },
    "CYB": {
        "CYB": -0.06907045890102442
    },
    "CLo": {
        "CLo": 0.1999999999999465
    },
    "CLa": {
        "CLa": 1.2499197326144849
    },
    "CL_sym": {
        "CL_sym": 0.49999999999999906
    },
    "Cmo": {
        "Cmo": 0.5630292725886971
    },
    "Cma": {
        "Cma": -0.43670517670981135
    },
    "Cmq": {
        "Cmq": -4.676932145923685e-16
    },
    "ClB": {
        "ClB": -0.014705330704398972
    },
    "Clp": {
        "Clp": -0.18022395320543072
    },
    "Clr": {
        "Clr": -1.2965170587303271e-13
    },
    "Cl_asym": {
        "Cl_asym": -9.915860273783777e-20
    },
    "CnB": {
        "CnB": -0.009074168817844739
    },
    "Cn_p": {
        "Cn_p": -2.8279835924834714e-15
    },
    "Cn_r": {
        "Cn_r": -0.15811119517459804
    },
    "Cn_asym": {
        "Cn_asym": 0.01968257739389339
    }
}