{
    "CDo + CDa + CD_sym + CYB + CLo + CLa + CL_sym + Cmo + Cma + Cmq + ClB + Clp + Clr + Cl_asym + CnB + Cn_p + Cn_r + Cn_asym": {
        "CDo": 0.2516729507105121,
        "CDa": 0.14753058091879337,
        "CD_sym": 0.1372026393697522,
        "CYB": -0.11148696880780513,
        "CLo": 0.15409984518806027,
        "CLa": 0.7417855471835856,
        "CL_sym": 0.23230997921368016,
        "Cmo": 0.687856256065517,
        "Cma": -1.1391060965355018,
        "Cmq": -1.912964424074813,
        "ClB": -0.027933505606134865,
        "Clp": -1.671664500794092,
        "Clr": -0.1273564311649113,
        "Cl_asym": -0.005099159661405489,
        "CnB": -0.009102570200941025,
        "Cn_p": -0.17855797134215415,
        "Cn_r": -0.192586762878084,
        "Cn_asym": 0.016778754828001362
    },
    "CDo + CDa + CLo + CLa + Cmo + Cma + Cmq + CL_sym + CD_sym": {
        "CDo": 0.18540346767518107,
        "CDa": 0.14824229309111805,
        "CLo": 0.1049862644229107,
        "CLa": 0.6154937469595835,
        "Cmo": 0.6996168221281405,
        "Cma": -0.6721745560447846,
        "Cmq": -2.720584956641566,
        "CL_sym": 0.06758705557960955,
        "CD_sym": 0.03450690457962631
    },
    "CYB + ClB + Clp + CLa + Clr + Cl_asym + CnB + Cn_p + Cn_r + Cn_asym": {
        "CYB": -0.48464623972853327,
        "ClB": -0.036259737149165375,
        "Clp": -1.3917247484586437,
        "CLa": 1.1207870473880417,
        "Clr": -0.09169871336279227,
        "Cl_asym": -0.0009306208925105492,
        "CnB": -0.009659397323475918,
        "Cn_p": -0.10815647975063084,
        "Cn_r": -0.25150954184786845,
        "Cn_asym": 0.023964310894675815
    },
    "CDo + CDa + CLo + CLa": {
        "CDo": 0.27092912159010846,
        "CDa": 0.11657219988252276,
        "CLo": 0.008603773164183651,
        "CLa": 1.3784435441539373
    },
    "CDo": {
        "CDo": 0.22531652408006947
    },
    "CDa": {
        "CDa": 0.06803332202664564
    },
    "CD_sym": {
        "CD_sym": 0.03305890659334987
    },
    "CYB": {
        "CYB": -0.18084155083641618
    },
    "CLo": {
        "CLo": 0.19999999999999998
    },
    "CLa": {
        "CLa": 1.1779699178469867
    },
    "CL_sym": {
        "CL_sym": 0.4999999999999995
    },
    "Cmo": {
        "Cmo": 0.47638411954181903
    },
    "Cma": {
        "Cma": -0.5131540457758272
    },
    "Cmq": {
        "Cmq": -0.42118159742811623
    },
    "ClB": {
        "ClB": -0.059777178070719736
    },
    "Clp": {
        "Clp": -3.2919818945577643e-16
    },
    "Clr": {
        "Clr": -6.266571104528616e-17
    },
    "Cl_asym": {
        "Cl_asym": -8.344687058280736e-18
    },
    "CnB": {
        "CnB": -0.009999999999999992
    },
    "Cn_p": {
        "Cn_p": -0.19999999999999893
    },
    "Cn_r": {
        "Cn_r": -0.06985243583012114
    },
    "Cn_asym": {
        "Cn_asym": 0.02999999999999932
    }
}