{
    "CDo + CDa + CLo + CLa + Cmo + Cma + Cmq + CL_sym + CD_sym": {
        "CDo": 0.32762986012330625,
        "CDa": 0.0026101301156606508,
        "CLo": 0.013817576109538515,
        "CLa": 1.7855420535732465,
        "Cmo": 0.5007028466665423,
        "Cma": -1.4465184567757894,
        "Cmq": -1.107077640407827,
        "CL_sym": 0.3654945354871382,
        "CD_sym": 0.49985844024563386
    }
}