{
    "CDo + CDa + CLo + CLa + Cmo + Cma + Cmq + CL_sym + CD_sym": {
        "CDo": 0.49999999999995043,
        "CDa": 1.5249782976656766e-14,
        "CLo": 1.8616760428258047e-12,
        "CLa": 0.66017445993342,
        "Cmo": 0.01684843849455011,
        "Cma": -0.158856417139296,
        "Cmq": -1.391687364341525,
        "CL_sym": 0.4516610464355181,
        "CD_sym": 0.28523660971319725
    }
}