{
    "CDo + CDa + CD_sym + CYB + CLo + CLa + CL_sym + Cmo + Cma + Cmq + ClB + Clp + Clr + Cl_asym + CnB + Cn_p + Cn_r + Cn_asym": {
        "CDo": 0.25439467317212433,
        "CDa": 0.17647523110846428,
        "CD_sym": 0.06233108703848358,
        "CYB": -0.23001533273402816,
        "CLo": 0,
        "CLa": 0.739759119983827,
        "CL_sym": 0.12477387598940023,
        "Cmo": 0.6782665006332432,
        "Cma": -0.7033155012621383,
        "Cmq": -2.417384564636827,
        "ClB": -0.08879364472421677,
        "Clp": -0.5577181465533098,
        "Clr": -0.07160522351684274,
        "Cl_asym": -0.00131600650443601,
        "CnB": -0.001237617559104826,
        "Cn_p": -0.12766466961584597,
        "Cn_r": -0.3271645376115683,
        "Cn_asym": 0.02609114975752371
    }
}