{
    "CDo": 0.3604122610801231,
    "CDa": 2.956264159096153e-16,
    "CD_sym": 0.26078007950623056,
    "CYB": -0.24486398102321774,
    "CLo": 0.1383538264310064,
    "CLa": 0.47644507293924004,
    "CL_sym": 0.24737127662589203,
    "Cmo": 0.37421719968060785,
    "Cma": -0.24156924171879834,
    "Cmq": -0.695435911495359,
    "ClB": -0.04125365175224323,
    "Clp": -0.7002967241763735,
    "Clr": -0.1999999999999889,
    "Cl_asym": -0.009999999999999737,
    "CnB": -0.007433351453121578,
    "Cn_p": -0.18752545971722967,
    "Cn_r": -0.3928118945380426,
    "Cn_asym": 0.002930694505657464
}