{
    "CDo + CDa + CD_sym + CYB + CLo + CLa + CL_sym + Cmo + Cma + Cmq + ClB + Clp + Clr + Cl_asym + CnB + Cn_p + Cn_r + Cn_asym": {
        "CDo": 0.2874163139948833,
        "CDa": 0.08444219629801189,
        "CD_sym": 0.12846942144459808,
        "CYB": -0.3766334167093541,
        "CLo": 0.16996745187581644,
        "CLa": 0.6746912561504149,
        "CL_sym": 0.11308127007839822,
        "Cmo": 0.45316266636409985,
        "Cma": -0.625506728752408,
        "Cmq": -0.831110991198116,
        "ClB": -0.059459704510160444,
        "Clp": -0.5289276957537661,
        "Clr": -0.07740528453133262,
        "Cl_asym": -0.006369705992741746,
        "CnB": -9.135062815230092e-05,
        "Cn_p": -0.11044012915060586,
        "Cn_r": -0.326482921930228,
        "Cn_asym": 0.022727309145881603
    },
    "CDo + CDa + CLo + CLa + Cmo + Cma + Cmq + CL_sym + CD_sym": {
        "CDo": 0.27901115628038753,
        "CDa": 0.06072191338987484,
        "CLo": 7.421838385622049e-05,
        "CLa": 0.6099110995940484,
        "Cmo": 0.6814064658988337,
        "Cma": -0.6994146874974438,
        "Cmq": -2.4174060506386117,
        "CL_sym": 0.12469958262887637,
        "CD_sym": 0.06246955246041637
    },
    "CYB + ClB + Clp + CLa + Clr + Cl_asym + CnB + Cn_p + Cn_r + Cn_asym": {
        "CYB": -0.23723366643056895,
        "ClB": -0.08725961866797849,
        "Clp": -0.5578617654322627,
        "CLa": 1.2045475362244498,
        "Clr": -0.07091641614766138,
        "Cl_asym": -0.0009115793536172734,
        "CnB": -0.0006920595289966945,
        "Cn_p": -0.13225474760260356,
        "Cn_r": -0.3270419622562816,
        "Cn_asym": 0.026246073978055666
    },
    "CDo + CDa + CLo + CLa": {
        "CDo": 0.3586867541489667,
        "CDa": 0.130285817511622,
        "CLo": 0.13068959458392845,
        "CLa": 1.155143210723681
    },
    "CDo": {
        "CDo": 0.3734264119264236
    },
    "CDa": {
        "CDa": 0.2499999999999994
    },
    "CD_sym": {
        "CD_sym": 0.10808686701245557
    },
    "CYB": {
        "CYB": -0.05896802530093083
    },
    "CLo": {
        "CLo": 0.1999999999999989
    },
    "CLa": {
        "CLa": 1.180636419463905
    },
    "CL_sym": {
        "CL_sym": 0.49999999999982536
    },
    "Cmo": {
        "Cmo": 0.5494638311218906
    },
    "Cma": {
        "Cma": -0.4465929853972019
    },
    "Cmq": {
        "Cmq": -4.254182602949606e-14
    },
    "ClB": {
        "ClB": -0.03241167573360374
    },
    "Clp": {
        "Clp": -0.8639237943586331
    },
    "Clr": {
        "Clr": -7.453282743840536e-16
    },
    "Cl_asym": {
        "Cl_asym": -1.0854087793537988e-17
    },
    "CnB": {
        "CnB": -0.009834041422078131
    },
    "Cn_p": {
        "Cn_p": -4.079250027162165e-17
    },
    "Cn_r": {
        "Cn_r": -0.15655578729558184
    },
    "Cn_asym": {
        "Cn_asym": 0.019630257041709634
    }
}