{
    "CDo + CDa + CD_sym + CYB + CLo + CLa + CL_sym + Cmo + Cma + Cmq + ClB + Clp + Clr + Cl_asym + CnB + Cn_p + Cn_r + Cn_asym": {
        "CDo": 0.3003611811463588,
        "CDa": 0.07695791435502694,
        "CD_sym": 0.19955167758593179,
        "CYB": -0.12302913297189025,
        "CLo": 0.08408713596006125,
        "CLa": 1.7961706788007825,
        "CL_sym": 0.4192035945477453,
        "Cmo": 0.315546355311943,
        "Cma": -1.0873377504732054,
        "Cmq": -1.921852170084562,
        "ClB": -0.019035966545529606,
        "Clp": -1.408054113931864,
        "Clr": -0.04283930182065857,
        "Cl_asym": -0.0006527373623208025,
        "CnB": -0.004803141657431677,
        "Cn_p": -0.0009125241587962241,
        "Cn_r": -0.5267477590484966,
        "Cn_asym": 0.021529892396121297
    },
    "CDo + CDa + CLo + CLa + Cmo + Cma + Cmq + CL_sym + CD_sym": {
        "CDo": 0.31933784697135725,
        "CDa": 0.0001553675594488102,
        "CLo": 0.19712696251722964,
        "CLa": 1.756776201427562,
        "Cmo": 0.18080499648820503,
        "Cma": -0.7715975853811385,
        "Cmq": -1.9998462702509028,
        "CL_sym": 0.29020778867229174,
        "CD_sym": 0.1584269745552327
    },
    "CYB + ClB + Clp + CLa + Clr + Cl_asym + CnB + Cn_p + Cn_r + Cn_asym": {
        "CYB": -0.08375583678056947,
        "ClB": -0.09619869773302504,
        "Clp": -0.9280782459771941,
        "CLa": 1.0614549316796758,
        "Clr": -0.0686202514390288,
        "Cl_asym": -0.00752036232444231,
        "CnB": -0.005726917301055338,
        "Cn_p": -0.12652176423866643,
        "Cn_r": -0.13442601218291006,
        "Cn_asym": 0.007924688592939124
    },
    "CDo + CDa + CLo + CLa": {
        "CDo": 0.2608154442674261,
        "CDa": 0.13745442409837194,
        "CLo": 0.015058138046483526,
        "CLa": 1.2685627249623177
    },
    "CDo": {
        "CDo": 0.2422620241420655
    },
    "CDa": {
        "CDa": 0.10757130738043698
    },
    "CD_sym": {
        "CD_sym": 0.13505000769004732
    },
    "CYB": {
        "CYB": -0.0650968385771506
    },
    "CLo": {
        "CLo": 0.16180752020670155
    },
    "CLa": {
        "CLa": 1.063438033786729
    },
    "CL_sym": {
        "CL_sym": 0.4326562700978957
    },
    "Cmo": {
        "Cmo": 0.4170312908628886
    },
    "Cma": {
        "Cma": -0.5844961928816086
    },
    "Cmq": {
        "Cmq": -4.401047668661784e-16
    },
    "ClB": {
        "ClB": -0.07576328967157303
    },
    "Clp": {
        "Clp": -0.8436498744571572
    },
    "Clr": {
        "Clr": -0.021552213807669446
    },
    "Cl_asym": {
        "Cl_asym": -0.008742559834519329
    },
    "CnB": {
        "CnB": -0.00555307771988922
    },
    "Cn_p": {
        "Cn_p": -0.15322558858397597
    },
    "Cn_r": {
        "Cn_r": -0.3020250485384525
    },
    "Cn_asym": {
        "Cn_asym": 0.021734123175343255
    }
}