{
    "CDo + CDa + CD_sym + CYB + CLo + CLa + CL_sym + Cmo + Cma + Cmq + ClB + Clp + Clr + Cl_asym + CnB + Cn_p + Cn_r + Cn_asym": {
        "CDo": 0.0012326031642348003,
        "CDa": 0.113861101588417,
        "CD_sym": 0.4640619254954031,
        "CYB": -0.14098123844855487,
        "CLo": 0.05444532894664986,
        "CLa": 0.9797724526114062,
        "CL_sym": 0.1523963088839119,
        "Cmo": 0.5713739379615848,
        "Cma": -0.3299487709767679,
        "Cmq": -0.8411838665037019,
        "ClB": -0.09125877814280628,
        "Clp": -1.2927713391406799,
        "Clr": -0.1952490021460947,
        "Cl_asym": -0.00908843477965423,
        "CnB": -0.001637268214834919,
        "Cn_p": -0.19615891323578213,
        "Cn_r": -0.3246092163293989,
        "Cn_asym": 0.006573702409970432
    },
    "CDo + CDa + CLo + CLa + Cmo + Cma + Cmq + CL_sym + CD_sym": {
        "CDo": 0.14551690327456301,
        "CDa": 0.01165751677383671,
        "CLo": 0.03994902119742084,
        "CLa": 1.2554876900168799,
        "Cmo": 0.44213601423871474,
        "Cma": -0.17179746855504036,
        "Cmq": -0.7518662849856493,
        "CL_sym": 0.17651601939653563,
        "CD_sym": 0.4620902218384167
    },
    "CYB + ClB + Clp + CLa + Clr + Cl_asym + CnB + Cn_p + Cn_r + Cn_asym": {
        "CYB": -0.41317746093556224,
        "ClB": -0.07339460718471838,
        "Clp": -0.04764761200656355,
        "CLa": 1.679766101955003,
        "Clr": -0.12183684670729955,
        "Cl_asym": -0.008348204128909263,
        "CnB": -0.004853046926367676,
        "Cn_p": -0.08267639907919419,
        "Cn_r": -0.4193229677870379,
        "Cn_asym": 0.01994079906366919
    },
    "CDo + CDa + CLo + CLa": {
        "CDo": 0.0022329499209824038,
        "CDa": 0.21189827464672353,
        "CLo": 0.022042093011267725,
        "CLa": 0.8409532285146875
    },
    "CDo": {
        "CDo": 0.051297023435986515
    },
    "CDa": {
        "CDa": 6.320998348988627e-16
    },
    "CD_sym": {
        "CD_sym": 0.425024049218173
    },
    "CYB": {
        "CYB": -0.4999999999999975
    },
    "CLo": {
        "CLo": 0.11554847693893075
    },
    "CLa": {
        "CLa": 0.949117916220917
    },
    "CL_sym": {
        "CL_sym": 0.17797026940511176
    },
    "Cmo": {
        "Cmo": 0.5121937618833963
    },
    "Cma": {
        "Cma": -0.48207405337687986
    },
    "Cmq": {
        "Cmq": -2.999999999960235
    },
    "ClB": {
        "ClB": -0.0026159444255768535
    },
    "Clp": {
        "Clp": -0.18059287730146176
    },
    "Clr": {
        "Clr": -0.1999999999999998
    },
    "Cl_asym": {
        "Cl_asym": -0.009999999999999995
    },
    "CnB": {
        "CnB": -1.147997667456443e-17
    },
    "Cn_p": {
        "Cn_p": -0.19999999999999996
    },
    "Cn_r": {
        "Cn_r": -0.1599521067164051
    },
    "Cn_asym": {
        "Cn_asym": 0.019525584843657837
    }
}