{
    "CDo + CDa + CD_sym + CYB + CLo + CLa + CL_sym + Cmo + Cma + Cmq + ClB + Clp + Clr + Cl_asym + CnB + Cn_p + Cn_r + Cn_asym": {
        "CDo": 0.16818496690257798,
        "CDa": 0.21900169724977633,
        "CD_sym": 4.421982178681186e-06,
        "CYB": -6.412949814679987e-05,
        "CLo": 0.0020474173733351516,
        "CLa": 0.8674121186480263,
        "CL_sym": 0.18403387779097813,
        "Cmo": 0.5928306348367021,
        "Cma": -0.7483580859373181,
        "Cmq": -2.6370738419968744,
        "ClB": -0.09049594292385367,
        "Clp": -0.9969575569659275,
        "Clr": -0.17333913098107334,
        "Cl_asym": -0.007608922257938582,
        "CnB": -0.00540268419011263,
        "Cn_p": -0.11452530422548163,
        "Cn_r": -0.3441113873193863,
        "Cn_asym": 0.022457115249920397
    }
}